{
  "@odata.etag": "\"0x8DDF7BBA4D2B460\"",
  "name": "azuretable-index-new",
  "defaultScoringProfile": "",
  "fields": [
    {
      "name": "PartitionKey",
      "type": "Edm.String",
      "searchable": false,
      "filterable": true,
      "retrievable": true,
      "stored": true,
      "sortable": false,
      "facetable": false,
      "key": false,
      "synonymMaps": []
    },
    {
      "name": "RowKey",
      "type": "Edm.String",
      "searchable": false,
      "filterable": true,
      "retrievable": true,
      "stored": true,
      "sortable": false,
      "facetable": false,
      "key": false,
      "synonymMaps": []
    },
    {
      "name": "Timestamp",
      "type": "Edm.DateTimeOffset",
      "searchable": false,
      "filterable": true,
      "retrievable": true,
      "stored": true,
      "sortable": false,
      "facetable": false,
      "key": false,
      "synonymMaps": []
    },
    {
      "name": "Key",
      "type": "Edm.String",
      "searchable": false,
      "filterable": true,
      "retrievable": true,
      "stored": true,
      "sortable": false,
      "facetable": false,
      "key": true,
      "synonymMaps": []
    },
    {
      "name": "description",
      "type": "Edm.String",
      "searchable": true,
      "filterable": true,
      "retrievable": true,
      "stored": true,
      "sortable": false,
      "facetable": false,
      "key": false,
      "analyzer": "standard.lucene",
      "synonymMaps": []
    },
    {
      "name": "duration",
      "type": "Edm.String",
      "searchable": false,
      "filterable": true,
      "retrievable": true,
      "stored": true,
      "sortable": true,
      "facetable": false,
      "key": false,
      "synonymMaps": []
    },
    {
      "name": "instructor",
      "type": "Edm.String",
      "searchable": true,
      "filterable": true,
      "retrievable": true,
      "stored": true,
      "sortable": true,
      "facetable": true,
      "key": false,
      "analyzer": "standard.lucene",
      "synonymMaps": []
    },
    {
      "name": "rating_average",
      "type": "Edm.Double",
      "searchable": false,
      "filterable": true,
      "retrievable": true,
      "stored": true,
      "sortable": true,
      "facetable": true,
      "key": false,
      "synonymMaps": []
    },
    {
      "name": "rating_count",
      "type": "Edm.Int32",
      "searchable": false,
      "filterable": true,
      "retrievable": true,
      "stored": true,
      "sortable": true,
      "facetable": true,
      "key": false,
      "synonymMaps": []
    },
    {
      "name": "role",
      "type": "Edm.String",
      "searchable": true,
      "filterable": true,
      "retrievable": true,
      "stored": true,
      "sortable": true,
      "facetable": true,
      "key": false,
      "analyzer": "standard.lucene",
      "synonymMaps": []
    },
    {
      "name": "source",
      "type": "Edm.String",
      "searchable": true,
      "filterable": true,
      "retrievable": true,
      "stored": true,
      "sortable": true,
      "facetable": true,
      "key": false,
      "analyzer": "standard.lucene",
      "synonymMaps": []
    },
    {
      "name": "url",
      "type": "Edm.String",
      "searchable": false,
      "filterable": true,
      "retrievable": true,
      "stored": true,
      "sortable": false,
      "facetable": false,
      "key": false,
      "synonymMaps": []
    },
    {
      "name": "title",
      "type": "Edm.String",
      "searchable": true,
      "filterable": true,
      "retrievable": true,
      "stored": true,
      "sortable": true,
      "facetable": false,
      "key": false,
      "analyzer": "standard.lucene",
      "synonymMaps": []
    },
    {
      "name": "level",
      "type": "Edm.String",
      "searchable": true,
      "filterable": true,
      "retrievable": true,
      "stored": true,
      "sortable": true,
      "facetable": true,
      "key": false,
      "analyzer": "standard.lucene",
      "synonymMaps": []
    },
    {
      "name": "product",
      "type": "Edm.String",
      "searchable": true,
      "filterable": true,
      "retrievable": true,
      "stored": true,
      "sortable": true,
      "facetable": true,
      "key": false,
      "analyzer": "standard.lucene",
      "synonymMaps": []
    },
    {
      "name": "instructor_bio",
      "type": "Edm.String",
      "searchable": true,
      "filterable": false,
      "retrievable": true,
      "stored": true,
      "sortable": false,
      "facetable": false,
      "key": false,
      "analyzer": "standard.lucene",
      "synonymMaps": []
    }
  ],
  "scoringProfiles": [],
  "corsOptions": {
    "allowedOrigins": [
      "https://tomjabstorage.z13.web.core.windows.net"
    ],
    "maxAgeInSeconds": 300
  },
  "suggesters": [],
  "analyzers": [],
  "normalizers": [],
  "tokenizers": [],
  "tokenFilters": [],
  "charFilters": [],
  "similarity": {
    "@odata.type": "#Microsoft.Azure.Search.BM25Similarity"
  }
}